2600,24.28623,0.61464
2599,24.21502,0.61592
2598,24.14209,0.61723
2597,24.05547,0.61879
2596,23.96638,0.6204
2595,23.85905,0.62235
2594,23.73604,0.62459
2593,23.60431,0.62701
2592,23.47434,0.62941
2591,23.34175,0.63187
2590,23.20172,0.63448
2589,23.06458,0.63705
2588,22.91595,0.63986
2587,22.77653,0.64251
2586,22.6328,0.64526
2585,22.50218,0.64778
2584,22.36952,0.65034
2583,22.22563,0.65315
2582,22.09348,0.65574
2581,21.99526,0.65767
2580,21.91773,0.6592
2579,21.8605,0.66034
2578,21.81829,0.66118
2577,21.78642,0.66181
2576,21.76469,0.66225
2575,21.76103,0.66232
2574,21.75833,0.66237
2573,21.75064,0.66253
2572,21.74581,0.66262
2571,21.73956,0.66275
2570,21.7336,0.66287
2569,21.71965,0.66315
2568,21.70625,0.66342
2567,21.68595,0.66382
2566,21.65801,0.66438
2565,21.62304,0.66508
2564,21.58356,0.66588
2563,21.53913,0.66677
2562,21.49078,0.66775
2561,21.44761,0.66862
2560,21.40029,0.66958
2559,21.36094,0.67038
2558,21.33133,0.67098
2557,21.3111,0.67139
2556,21.28539,0.67192
2555,21.27091,0.67221
2554,21.25556,0.67253
2553,21.24743,0.67269
2552,21.24466,0.67275
2551,21.24381,0.67277
2550,21.24478,0.67275
2549,21.24386,0.67277
2548,21.24254,0.67279
2547,21.2366,0.67292
2546,21.21721,0.67331
2545,21.19997,0.67366
2544,21.17299,0.67422
2543,21.1341,0.67502
2542,21.09248,0.67587
2541,21.05216,0.6767
2540,20.99567,0.67787
2539,20.93518,0.67912
2538,20.86882,0.6805
2537,20.79424,0.68206
2536,20.69789,0.68407
2535,20.59019,0.68634
2534,20.45871,0.68912
2533,20.31727,0.69213
2532,20.16887,0.69532
2531,20.01191,0.69871
2530,19.85626,0.7021
2529,19.70084,0.70552
2528,19.53498,0.70919
2527,19.37219,0.71282
2526,19.21345,0.71639
2525,19.05155,0.72007
2524,18.88131,0.72397
2523,18.71987,0.7277
2522,18.55383,0.73157
2521,18.39911,0.7352
2520,18.24993,0.73874
2519,18.11461,0.74197
2518,17.98049,0.7452
2517,17.86058,0.7481
2516,17.75274,0.75073
2515,17.6594,0.75302
2514,17.58384,0.75489
2513,17.53476,0.7561
2512,17.50266,0.7569
2511,17.48525,0.75733
2510,17.48166,0.75742
2509,17.50106,0.75694
2508,17.53077,0.7562
2507,17.57147,0.75519
2506,17.62621,0.75384
2505,17.69398,0.75217
2504,17.76524,0.75043
2503,17.84362,0.74852
2502,17.93517,0.74629
2501,18.02341,0.74416
2500,18.10452,0.74221
2499,18.18595,0.74026
2498,18.26752,0.73832
2497,18.33843,0.73664
2496,18.40667,0.73502
2495,18.47672,0.73338
2494,18.53671,0.73197
2493,18.59161,0.73068
2492,18.65022,0.72932
2491,18.70644,0.72801
2490,18.76462,0.72666
2489,18.82215,0.72533
2488,18.89437,0.72367
2487,18.95875,0.72219
2486,19.02426,0.72069
2485,19.0814,0.71939
2484,19.13379,0.7182
2483,19.16182,0.71756
2482,19.16903,0.7174
2481,19.14931,0.71785
2480,19.09479,0.71909
2479,19.00401,0.72115
2478,18.88391,0.72391
2477,18.7316,0.72743
2476,18.55256,0.7316
2475,18.3515,0.73633
2474,18.13761,0.74142
2473,17.90861,0.74694
2472,17.66117,0.75298
2471,17.40271,0.75938
2470,17.13708,0.76606
2469,16.86134,0.77311
2468,16.5954,0.78001
2467,16.33145,0.78698
2466,16.08697,0.79353
2465,15.86595,0.79953
2464,15.6959,0.80421
2463,15.58155,0.80739
2462,15.53461,0.8087
2461,15.56246,0.80792
2460,15.66449,0.80508
2459,15.83624,0.80035
2458,16.06333,0.79416
2457,16.34984,0.78649
2456,16.66762,0.77813
2455,16.99293,0.76973
2454,17.3297,0.76121
2453,17.68776,0.75233
2452,18.0419,0.74372
2451,18.41897,0.73473
2450,18.81555,0.72548
2449,19.20844,0.71651
2448,19.6085,0.70756
2447,20.0247,0.69843
2446,20.45349,0.68923
2445,20.87411,0.68039
2444,21.30663,0.67149
2443,21.72847,0.66297
2442,22.10256,0.65556
2441,22.47531,0.64829
2440,22.80073,0.64205
2439,23.10349,0.63632
2438,23.37544,0.63124
2437,23.62341,0.62666
2436,23.83784,0.62273
2435,24.02324,0.61937
2434,24.19152,0.61634
2433,24.34041,0.61367
2432,24.47288,0.61131
2431,24.59506,0.60915
2430,24.70017,0.6073
2429,24.79235,0.60568
2428,24.87852,0.60418
2427,24.95256,0.60288
2426,25.0077,0.60193
2425,25.05625,0.60108
2424,25.08667,0.60056
2423,25.09538,0.60041
2422,25.09994,0.60033
2421,25.0865,0.60056
2420,25.05537,0.6011
2419,25.02109,0.60169
2418,24.9634,0.6027
2417,24.89109,0.60396
2416,24.81877,0.60522
2415,24.71648,0.60701
2414,24.59995,0.60907
2413,24.4712,0.61134
2412,24.30617,0.61428
2411,24.13564,0.61734
2410,23.9472,0.62075
2409,23.7544,0.62426
2408,23.55847,0.62785
2407,23.36163,0.6315
2406,23.18167,0.63486
2405,23.02334,0.63783
2404,22.89135,0.64033
2403,22.80092,0.64205
2402,22.74701,0.64308
2401,22.72495,0.6435
2400,22.73715,0.64326
2399,22.77311,0.64258
2398,22.83052,0.64148
2397,22.89533,0.64025
2396,22.96667,0.6389
2395,23.04831,0.63736
2394,23.11603,0.63609
2393,23.18807,0.63474
2392,23.25698,0.63345
2391,23.32036,0.63226
2390,23.38885,0.63099
2389,23.45566,0.62975
2388,23.52268,0.62851
2387,23.59983,0.62709
2386,23.6699,0.6258
2385,23.74824,0.62437
2384,23.8192,0.62307
2383,23.87902,0.62198
2382,23.94226,0.62083
2381,23.98452,0.62007
2380,24.01461,0.61952
2379,24.03226,0.61921
2378,24.02414,0.61935
2377,23.99649,0.61985
2376,23.96502,0.62042
2375,23.90556,0.6215
2374,23.85659,0.62239
2373,23.79115,0.62358
2372,23.72135,0.62486
2371,23.66739,0.62585
2370,23.59999,0.62709
2369,23.54855,0.62804
2368,23.49576,0.62901
2367,23.44634,0.62993
2366,23.39948,0.63079
2365,23.37396,0.63127
2364,23.35961,0.63153
2363,23.36539,0.63143
2362,23.38417,0.63108
2361,23.41207,0.63056
2360,23.43768,0.63009
2359,23.45008,0.62986
2358,23.45323,0.6298
2357,23.43104,0.63021
2356,23.39935,0.6308
2355,23.34322,0.63184
2354,23.28485,0.63293
2353,23.22238,0.63409
2352,23.17387,0.635
2351,23.14249,0.63559
2350,23.13169,0.63579
2349,23.14321,0.63558
2348,23.16972,0.63508
2347,23.21241,0.63428
2346,23.25253,0.63353
2345,23.29085,0.63281
2344,23.32234,0.63223
2343,23.34374,0.63183
2342,23.35096,0.6317
2341,23.34609,0.63179
2340,23.31694,0.63233
2339,23.26154,0.63336
2338,23.19824,0.63454
2337,23.09964,0.63639
2336,22.98712,0.63852
2335,22.84731,0.64116
2334,22.68724,0.64422
2333,22.50217,0.64778
2332,22.31402,0.65142
2331,22.10602,0.65549
2330,21.88485,0.65986
2329,21.65889,0.66436
2328,21.40813,0.66942
2327,21.13781,0.67494
2326,20.86032,0.68068
2325,20.54405,0.68731
2324,20.21817,0.69426
2323,19.84456,0.70236
2322,19.45323,0.71101
2321,19.03035,0.72055
2320,18.61646,0.7301
2319,18.23368,0.73913
2318,17.88717,0.74746
2317,17.59819,0.75453
2316,17.38501,0.75983
2315,17.23562,0.76357
2314,17.15662,0.76557
2313,17.13709,0.76606
2312,17.16306,0.76541
2311,17.21982,0.76397
2310,17.29247,0.76214
2309,17.37194,0.76015
2308,17.44774,0.75826
2307,17.51129,0.75668
2306,17.56102,0.75545
2305,17.59953,0.7545
2304,17.64504,0.75338
2303,17.68888,0.7523
2302,17.74705,0.75087
2301,17.83147,0.74881
2300,17.921,0.74664
2299,18.04904,0.74355
2298,18.19033,0.74016
2297,18.35306,0.73629
2296,18.53609,0.73198
2295,18.73288,0.7274
2294,18.93382,0.72276
2293,19.1396,0.71807
2292,19.36272,0.71303
2291,19.58247,0.70813
2290,19.81734,0.70295
2289,20.07231,0.6974
2288,20.32305,0.69201
2287,20.58356,0.68648
2286,20.85479,0.68079
2285,21.12499,0.6752
2284,21.38732,0.66984
2283,21.65465,0.66445
2282,21.90603,0.65944
2281,22.12648,0.65509
2280,22.32943,0.65112
2279,22.51192,0.64759
2278,22.67551,0.64444
2277,22.83636,0.64137
2276,23.00824,0.63812
2275,23.20056,0.6345
2274,23.41624,0.63048
2273,23.68981,0.62544
2272,24.01377,0.61954
2271,24.40046,0.6126
2270,24.86015,0.6045
2269,25.36629,0.59574
2268,25.90059,0.58669
2267,26.46601,0.57731
2266,27.04453,0.56792
2265,27.62975,0.55862
2264,28.23359,0.54923
2263,28.85633,0.53976
2262,29.45606,0.53083
2261,30.04721,0.5222
2260,30.63585,0.51377
2259,31.22971,0.50543
2258,31.80748,0.49747
2257,32.4265,0.4891
2256,33.02338,0.48118
2255,33.59714,0.4737
2254,34.17957,0.46623
2253,34.74185,0.45915
2252,35.28429,0.45242
2251,35.82583,0.4458
2250,36.34643,0.43954
2249,36.82521,0.43385
2248,37.27551,0.42858
2247,37.69913,0.42367
2246,38.09314,0.41915
2245,38.45405,0.41506
2244,38.79768,0.41119
2243,39.09913,0.40783
2242,39.36884,0.40485
2241,39.60914,0.4022
2240,39.82269,0.39987
2239,40.01022,0.39783
2238,40.1777,0.39601
2237,40.32618,0.39441
2236,40.45251,0.39305
2235,40.57413,0.39175
2234,40.68114,0.39061
2233,40.79581,0.38938
2232,40.90833,0.38819
2231,41.03452,0.38685
2230,41.16138,0.38551
2229,41.29111,0.38414
2228,41.43465,0.38264
2227,41.56405,0.38128
2226,41.69192,0.37995
2225,41.81657,0.37865
2224,41.9145,0.37764
2223,41.99815,0.37677
2222,42.06617,0.37607
2221,42.101,0.37571
2220,42.1212,0.3755
2219,42.12146,0.3755
2218,42.09439,0.37578
2217,42.05895,0.37614
2216,42.01179,0.37663
2215,41.9479,0.37729
2214,41.8938,0.37785
2213,41.8264,0.37855
2212,41.76952,0.37914
2211,41.72461,0.37961
2210,41.67579,0.38012
2209,41.66014,0.38028
2208,41.64669,0.38042
2207,41.64206,0.38047
2206,41.66119,0.38027
2205,41.67361,0.38014
2204,41.69059,0.37996
2203,41.72888,0.37956
2202,41.74431,0.3794
2201,41.76447,0.37919
2200,41.77747,0.37906
2199,41.76313,0.37921
2198,41.74921,0.37935
2197,41.70279,0.37983
2196,41.64388,0.38045
2195,41.57667,0.38115
2194,41.48275,0.38213
2193,41.39795,0.38302
2192,41.31409,0.3839
2191,41.2405,0.38468
2190,41.19392,0.38517
2189,41.17323,0.38539
2188,41.17503,0.38537
2187,41.22001,0.38489
2186,41.27738,0.38429
2185,41.35612,0.38346
2184,41.44286,0.38255
2183,41.51191,0.38183
2182,41.57285,0.38119
2181,41.61411,0.38076
2180,41.62255,0.38067
2179,41.60219,0.38088
2178,41.54679,0.38146
2177,41.4521,0.38245
2176,41.30816,0.38396
2175,41.12025,0.38594
2174,40.86876,0.38861
2173,40.55183,0.39199
2172,40.17031,0.39609
2171,39.72562,0.40093
2170,39.22615,0.40642
2169,38.67542,0.41256
2168,38.13739,0.41865
2167,37.59197,0.4249
2166,37.11164,0.43049
2165,36.74923,0.43475
2164,36.48151,0.43793
2163,36.35328,0.43946
2162,36.3429,0.43958
2161,36.45459,0.43825
2160,36.6691,0.4357
2159,36.95473,0.43233
2158,37.27038,0.42864
2157,37.62328,0.42454
2156,37.97324,0.42052
2155,38.30299,0.41677
2154,38.61454,0.41325
2153,38.86672,0.41042
2152,39.06591,0.4082
2151,39.20903,0.40661
2150,39.28983,0.40572
2149,39.31743,0.40541
2148,39.27428,0.40589
2147,39.1768,0.40697
2146,39.02661,0.40864
2145,38.81941,0.41095
2144,38.57478,0.4137
2143,38.28807,0.41694
2142,37.98226,0.42042
2141,37.64568,0.42428
2140,37.3182,0.42808
2139,37.03096,0.43144
2138,36.77716,0.43442
2137,36.58485,0.4367
2136,36.47957,0.43795
2135,36.46299,0.43815
2134,36.53564,0.43728
2133,36.70586,0.43526
2132,36.91947,0.43274
2131,37.18314,0.42965
2130,37.45522,0.42649
2129,37.71183,0.42352
2128,37.95059,0.42078
2127,38.13278,0.4187
2126,38.26663,0.41718
2125,38.35676,0.41616
2124,38.40771,0.41558
2123,38.4287,0.41534
2122,38.43428,0.41528
2121,38.42773,0.41536
2120,38.41616,0.41549
2119,38.3985,0.41569
2118,38.38553,0.41583
2117,38.3634,0.41608
2116,38.33683,0.41638
2115,38.30069,0.41679
2114,38.25924,0.41726
2113,38.2115,0.41781
2112,38.16096,0.41838
2111,38.11134,0.41895
2110,38.06128,0.41952
2109,38.01054,0.4201
2108,37.96247,0.42065
2107,37.9145,0.42119
2106,37.86599,0.42175
2105,37.81808,0.4223
2104,37.76617,0.4229
2103,37.70644,0.42358
2102,37.64979,0.42424
2101,37.58714,0.42496
2100,37.52016,0.42574
2099,37.45923,0.42644
2098,37.38953,0.42725
2097,37.32478,0.428
2096,37.25793,0.42878
2095,37.20157,0.42944
2094,37.15031,0.43004
2093,37.09205,0.43072
2092,37.05295,0.43118
2091,37.01104,0.43167
2090,36.96902,0.43216
2089,36.93357,0.43258
2088,36.89589,0.43302
2087,36.86426,0.43339
2086,36.82779,0.43382
2085,36.80254,0.43412
2084,36.7759,0.43444
2083,36.74687,0.43478
2082,36.73321,0.43494
2081,36.71194,0.43519
2080,36.70338,0.43529
2079,36.70518,0.43527
2078,36.70351,0.43529
2077,36.71063,0.43521
2076,36.72414,0.43505
2075,36.74091,0.43485
2074,36.75745,0.43465
2073,36.77251,0.43448
2072,36.7955,0.43421
2071,36.80862,0.43405
2070,36.82563,0.43385
2069,36.84018,0.43368
2068,36.85805,0.43347
2067,36.86933,0.43333
2066,36.88137,0.43319
2065,36.90058,0.43297
2064,36.92103,0.43273
2063,36.93819,0.43252
2062,36.96159,0.43225
2061,36.98263,0.432
2060,37.00739,0.43171
2059,37.02802,0.43147
2058,37.04538,0.43127
2057,37.064,0.43105
2056,37.07253,0.43095
2055,37.08407,0.43081
2054,37.0902,0.43074
2053,37.09284,0.43071
2052,37.09679,0.43066
2051,37.10376,0.43058
2050,37.11527,0.43045
2049,37.12599,0.43032
2048,37.13845,0.43018
2047,37.147,0.43008
2046,37.16652,0.42985
2045,37.18022,0.42969
2044,37.19277,0.42954
2043,37.20744,0.42937
2042,37.21753,0.42925
2041,37.22676,0.42914
2040,37.23134,0.42909
2039,37.23919,0.429
2038,37.24594,0.42892
2037,37.24602,0.42892
2036,37.25772,0.42878
2035,37.26115,0.42874
2034,37.27068,0.42863
2033,37.28067,0.42852
2032,37.29114,0.42839
2031,37.30375,0.42825
2030,37.30251,0.42826
2029,37.3083,0.42819
2028,37.30136,0.42828
2027,37.2966,0.42833
2026,37.279,0.42854
2025,37.26509,0.4287
2024,37.24591,0.42892
2023,37.2166,0.42926
2022,37.19378,0.42953
2021,37.16621,0.42985
2020,37.15053,0.43004
2019,37.1201,0.43039
2018,37.09034,0.43074
2017,37.06437,0.43104
2016,37.04068,0.43132
2015,37.01389,0.43164
2014,36.97555,0.43209
2013,36.93698,0.43254
2012,36.89849,0.43299
2011,36.85548,0.4335
2010,36.80527,0.43409
2009,36.76118,0.43461
2008,36.71242,0.43519
2007,36.66118,0.43579
2006,36.61564,0.43633
2005,36.57359,0.43683
2004,36.53522,0.43729
2003,36.48657,0.43787
2002,36.43723,0.43845
2001,36.39186,0.439
2000,36.33831,0.43964
1999,36.2905,0.44021
1998,36.22009,0.44105
1997,36.15385,0.44185
1996,36.08777,0.44264
1995,36.00613,0.44362
1994,35.93356,0.4445
1993,35.8557,0.44544
1992,35.79445,0.44618
1991,35.7268,0.44701
1990,35.65993,0.44782
1989,35.58816,0.44869
1988,35.52189,0.4495
1987,35.46037,0.45026
1986,35.3784,0.45126
1985,35.2969,0.45226
1984,35.2089,0.45335
1983,35.12801,0.45435
1982,35.03619,0.45548
1981,34.93944,0.45668
1980,34.84222,0.45789
1979,34.75211,0.45902
1978,34.6665,0.46009
1977,34.57985,0.46118
1976,34.48941,0.46231
1975,34.41109,0.4633
1974,34.33123,0.46431
1973,34.24445,0.46541
1972,34.15481,0.46655
1971,34.06204,0.46773
1970,33.97159,0.46888
1969,33.88816,0.46995
1968,33.79017,0.47121
1967,33.69192,0.47247
1966,33.6003,0.47366
1965,33.51825,0.47472
1964,33.43721,0.47577
1963,33.35476,0.47684
1962,33.27307,0.47791
1961,33.19014,0.47899
1960,33.11815,0.47993
1959,33.04611,0.48088
1958,32.96096,0.482
1957,32.86759,0.48323
1956,32.78923,0.48427
1955,32.70031,0.48545
1954,32.61257,0.48661
1953,32.51716,0.48789
1952,32.43342,0.48901
1951,32.35636,0.49004
1950,32.28767,0.49096
1949,32.21019,0.49201
1948,32.13137,0.49307
1947,32.0587,0.49405
1946,31.99236,0.49495
1945,31.9246,0.49587
1944,31.84466,0.49696
1943,31.76289,0.49808
1942,31.67716,0.49925
1941,31.60101,0.5003
1940,31.52797,0.5013
1939,31.45086,0.50237
1938,31.37784,0.50338
1937,31.31367,0.50427
1936,31.2678,0.5049
1935,31.21792,0.5056
1934,31.16973,0.50627
1933,31.11877,0.50698
1932,31.06551,0.50772
1931,31.01193,0.50847
1930,30.9674,0.5091
1929,30.9093,0.50991
1928,30.8564,0.51065
1927,30.79373,0.51154
1926,30.75033,0.51215
1925,30.70708,0.51276
1924,30.68788,0.51303
1923,30.65749,0.51346
1922,30.62052,0.51399
1921,30.57822,0.51459
1920,30.54877,0.51501
1919,30.52217,0.51538
1918,30.50443,0.51564
1917,30.48661,0.51589
1916,30.45673,0.51632
1915,30.42083,0.51683
1914,30.39496,0.5172
1913,30.37291,0.51751
1912,30.36501,0.51763
1911,30.36011,0.5177
1910,30.36131,0.51768
1909,30.35722,0.51774
1908,30.36351,0.51765
1907,30.36897,0.51757
1906,30.38026,0.51741
1905,30.37533,0.51748
1904,30.37846,0.51743
1903,30.3866,0.51732
1902,30.40979,0.51699
1901,30.44283,0.51652
1900,30.4772,0.51602
1899,30.52824,0.5153
1898,30.56603,0.51476
1897,30.61549,0.51406
1896,30.65112,0.51355
1895,30.69762,0.5129
1894,30.74848,0.51218
1893,30.79248,0.51156
1892,30.82788,0.51106
1891,30.87137,0.51044
1890,30.9098,0.5099
1889,30.95184,0.50931
1888,30.98974,0.50878
1887,31.032,0.50819
1886,31.06806,0.50769
1885,31.10049,0.50723
1884,31.12374,0.50691
1883,31.15618,0.50646
1882,31.18789,0.50601
1881,31.22905,0.50544
1880,31.25293,0.50511
1879,31.25824,0.50504
1878,31.26405,0.50495
1877,31.27101,0.50486
1876,31.30151,0.50443
1875,31.3386,0.50392
1874,31.37656,0.50339
1873,31.41058,0.50292
1872,31.43758,0.50255
1871,31.46197,0.50221
1870,31.49151,0.50181
1869,31.51097,0.50154
1868,31.54022,0.50114
1867,31.55779,0.50089
1866,31.5725,0.50069
1865,31.58856,0.50047
1864,31.6111,0.50016
1863,31.63638,0.49981
1862,31.66032,0.49948
1861,31.67893,0.49923
1860,31.71196,0.49878
1859,31.74095,0.49838
1858,31.78532,0.49777
1857,31.82093,0.49729
1856,31.85681,0.4968
1855,31.87396,0.49656
1854,31.88369,0.49643
1853,31.90534,0.49614
1852,31.93779,0.4957
1851,31.97216,0.49523
1850,32.00388,0.4948
1849,32.03829,0.49433
1848,32.08278,0.49373
1847,32.13031,0.49309
1846,32.16904,0.49256
1845,32.20627,0.49206
1844,32.23347,0.49169
1843,32.26582,0.49126
1842,32.30225,0.49077
1841,32.33873,0.49028
1840,32.38731,0.48963
1839,32.43188,0.48903
1838,32.4655,0.48858
1837,32.49383,0.4882
1836,32.51601,0.4879
1835,32.55371,0.4874
1834,32.59763,0.48681
1833,32.65008,0.48612
1832,32.70267,0.48542
1831,32.74969,0.48479
1830,32.79245,0.48423
1829,32.81988,0.48386
1828,32.83955,0.4836
1827,32.8581,0.48336
1826,32.89175,0.48291
1825,32.94563,0.4822
1824,33.00085,0.48147
1823,33.0522,0.4808
1822,33.09598,0.48022
1821,33.159,0.4794
1820,33.21015,0.47873
1819,33.24793,0.47824
1818,33.27465,0.47789
1817,33.31055,0.47742
1816,33.33994,0.47704
1815,33.37058,0.47664
1814,33.40868,0.47614
1813,33.43561,0.47579
1812,33.46975,0.47535
1811,33.49611,0.47501
1810,33.52484,0.47463
1809,33.55407,0.47425
1808,33.57809,0.47394
1807,33.59451,0.47373
1806,33.60465,0.4736
1805,33.61462,0.47347
1804,33.61473,0.47347
1803,33.62686,0.47331
1802,33.62718,0.47331
1801,33.63787,0.47317
1800,33.6433,0.4731
1799,33.63848,0.47316
1798,33.63452,0.47321
1797,33.61245,0.4735
1796,33.59608,0.47371
1795,33.55502,0.47424
1794,33.52224,0.47467
1793,33.48059,0.47521
1792,33.43478,0.4758
1791,33.40092,0.47624
1790,33.34872,0.47692
1789,33.30509,0.47749
1788,33.24933,0.47822
1787,33.1836,0.47908
1786,33.11677,0.47995
1785,33.03018,0.48109
1784,32.94374,0.48223
1783,32.83827,0.48362
1782,32.72717,0.48509
1781,32.60786,0.48668
1780,32.48736,0.48829
1779,32.35832,0.49001
1778,32.21614,0.49193
1777,32.07195,0.49387
1776,31.91925,0.49595
1775,31.75359,0.49821
1774,31.58035,0.50058
1773,31.40479,0.503
1772,31.22173,0.50554
1771,31.04172,0.50805
1770,30.8735,0.51041
1769,30.70359,0.51281
1768,30.53921,0.51514
1767,30.38575,0.51733
1766,30.23837,0.51944
1765,30.0866,0.52163
1764,29.9329,0.52385
1763,29.76679,0.52627
1762,29.58931,0.52887
1761,29.41124,0.53149
1760,29.2331,0.53413
1759,29.04416,0.53694
1758,28.85034,0.53985
1757,28.65106,0.54286
1756,28.43875,0.54609
1755,28.21112,0.54958
1754,27.98333,0.5531
1753,27.73999,0.55689
1752,27.47412,0.56108
1751,27.2221,0.56508
1750,26.94608,0.5695
1749,26.66486,0.57406
1748,26.39415,0.57849
1747,26.11662,0.58308
1746,25.83665,0.58776
1745,25.54535,0.59269
1744,25.256,0.59764
1743,24.95301,0.60288
1742,24.65093,0.60817
1741,24.37121,0.61312
1740,24.08404,0.61827
1739,23.81553,0.62314
1738,23.55398,0.62794
1737,23.29043,0.63282
1736,23.0429,0.63746
1735,22.80874,0.6419
1734,22.58124,0.64625
1733,22.3607,0.65051
1732,22.14675,0.65469
1731,21.92706,0.65902
1730,21.70693,0.6634
1729,21.48668,0.66783
1728,21.26843,0.67226
1727,21.03933,0.67697
1726,20.81045,0.68172
1725,20.58862,0.68637
1724,20.3515,0.6914
1723,20.1273,0.69621
1722,19.93165,0.70046
1721,19.72952,0.70488
1720,19.5416,0.70904
1719,19.35931,0.71311
1718,19.18761,0.71698
1717,19.01362,0.72094
1716,18.846,0.72478
1715,18.68248,0.72857
1714,18.51146,0.73256
1713,18.32803,0.73688
1712,18.14092,0.74134
1711,17.93999,0.74618
1710,17.73853,0.75108
1709,17.5333,0.75614
1708,17.32355,0.76136
1707,17.11003,0.76675
1706,16.91302,0.77178
1705,16.69858,0.77732
1704,16.49167,0.78274
1703,16.29392,0.78797
1702,16.1042,0.79306
1701,15.927,0.79787
1700,15.76776,0.80223
1699,15.62901,0.80607
1698,15.51659,0.8092
1697,15.41644,0.81202
1696,15.32504,0.8146
1695,15.23127,0.81726
1694,15.12539,0.82029
1693,15.00029,0.8239
1692,14.86078,0.82796
1691,14.71641,0.8322
1690,14.57995,0.83624
1689,14.4566,0.83993
1688,14.35317,0.84305
1687,14.27264,0.8455
1686,14.20555,0.84754
1685,14.1542,0.84911
1684,14.11163,0.85042
1683,14.059,0.85205
1682,14.00004,0.85387
1681,13.92438,0.85622
1680,13.82816,0.85924
1679,13.70683,0.86306
1678,13.56247,0.86766
1677,13.4185,0.8723
1676,13.25371,0.87766
1675,13.09416,0.88292
1674,12.92648,0.88852
1673,12.77525,0.89363
1672,12.63717,0.89835
1671,12.52063,0.90237
1670,12.4216,0.90582
1669,12.35136,0.90829
1668,12.30961,0.90976
1667,12.29672,0.91021
1666,12.30113,0.91006
1665,12.32429,0.90924
1664,12.35766,0.90806
1663,12.38703,0.90703
1662,12.41499,0.90605
1661,12.4357,0.90533
1660,12.44706,0.90493
1659,12.44499,0.90501
1658,12.44156,0.90513
1657,12.42738,0.90562
1656,12.40283,0.90648
1655,12.37745,0.90737
1654,12.34615,0.90847
1653,12.31067,0.90972
1652,12.2765,0.91093
1651,12.23612,0.91236
1650,12.19798,0.91371
1649,12.16261,0.91497
1648,12.13098,0.9161
1647,12.1049,0.91704
1646,12.08681,0.91769
1645,12.07924,0.91796
1644,12.06594,0.91844
1643,12.06758,0.91838
1642,12.06735,0.91839
1641,12.06414,0.9185
1640,12.057,0.91876
1639,12.05164,0.91895
1638,12.04294,0.91927
1637,12.03224,0.91965
1636,12.02252,0.92
1635,12.02089,0.92006
1634,12.01811,0.92016
1633,12.02727,0.91983
1632,12.0351,0.91955
1631,12.05076,0.91899
1630,12.06743,0.91839
1629,12.08541,0.91774
1628,12.0954,0.91738
1627,12.117,0.9166
1626,12.14017,0.91578
1625,12.16152,0.91501
1624,12.18445,0.91419
1623,12.20869,0.91333
1622,12.23667,0.91234
1621,12.26788,0.91123
1620,12.30292,0.90999
1619,12.33925,0.90871
1618,12.37712,0.90738
1617,12.42399,0.90574
1616,12.4669,0.90424
1615,12.52143,0.90235
1614,12.58257,0.90023
1613,12.63954,0.89827
1612,12.70286,0.8961
1611,12.7631,0.89404
1610,12.82246,0.89203
1609,12.88422,0.88994
1608,12.95453,0.88758
1607,13.0188,0.88543
1606,13.08941,0.88308
1605,13.16534,0.88057
1604,13.24133,0.87807
1603,13.31542,0.87565
1602,13.40129,0.87285
1601,13.47599,0.87044
1600,13.55534,0.86789
1599,13.63238,0.86543
1598,13.71267,0.86288
1597,13.79357,0.86032
1596,13.87821,0.85767
1595,13.96509,0.85496
1594,14.03901,0.85266
1593,14.11991,0.85017
1592,14.19415,0.84789
1591,14.26595,0.8457
1590,14.33256,0.84368
1589,14.39861,0.84168
1588,14.46053,0.83982
1587,14.51613,0.83815
1586,14.57265,0.83646
1585,14.61888,0.83509
1584,14.65341,0.83406
1583,14.6804,0.83326
1582,14.6971,0.83277
1581,14.70813,0.83244
1580,14.70246,0.83261
1579,14.69476,0.83284
1578,14.67598,0.83339
1577,14.63851,0.8345
1576,14.58947,0.83596
1575,14.52796,0.8378
1574,14.44577,0.84026
1573,14.35199,0.84309
1572,14.24473,0.84635
1571,14.11976,0.85017
1570,13.97984,0.8545
1569,13.8262,0.8593
1568,13.66397,0.86442
1567,13.47951,0.87033
1566,13.28258,0.87672
1565,13.0717,0.88367
1564,12.84043,0.89142
1563,12.59748,0.89972
1562,12.35223,0.90825
1561,12.09876,0.91726
1560,11.83298,0.92691
1559,11.55771,0.93713
1558,11.27326,0.94795
1557,10.96882,0.95984
1556,10.68016,0.97142
1555,10.37797,0.98389
1554,10.07784,0.99663
1553,9.77596,1.00984
1552,9.47857,1.02326
1551,9.17072,1.0376
1550,8.8654,1.0523
1549,8.58232,1.0664
1548,8.28301,1.08181
1547,7.99395,1.09724
1546,7.71843,1.11247
1545,7.43196,1.1289
1544,7.16327,1.14489
1543,6.89911,1.16121
1542,6.65185,1.17706
1541,6.40445,1.19352
1540,6.17122,1.20963
1539,5.93623,1.22649
1538,5.70533,1.24372
1537,5.48925,1.26049
1536,5.28372,1.27706
1535,5.08869,1.29339
1534,4.89004,1.31069
1533,4.70995,1.32698
1532,4.52634,1.34425
1531,4.35008,1.3615
1530,4.19443,1.37733
1529,4.03387,1.39428
1528,3.88299,1.41083
1527,3.73803,1.42736
1526,3.59555,1.44423
1525,3.46069,1.46084
1524,3.33302,1.47716
1523,3.21034,1.49345
1522,3.09355,1.50954
1521,2.97883,1.52595
1520,2.87361,1.54157
1519,2.76789,1.55785
1518,2.66948,1.57357
1517,2.57235,1.58967
1516,2.48168,1.60525
1515,2.39402,1.62087
1514,2.31005,1.63638
1513,2.22962,1.65177
1512,2.15129,1.6673
1511,2.07871,1.68221
1510,2.00729,1.69739
1509,1.94164,1.71183
1508,1.87665,1.72662
1507,1.81596,1.74089
1506,1.75386,1.75601
1505,1.69669,1.7704
1504,1.64515,1.7838
1503,1.58905,1.79886
1502,1.53971,1.81256
1501,1.49362,1.82576
1500,1.44503,1.84012
1499,1.39949,1.85403
1498,1.35976,1.86654
1497,1.32125,1.87901
1496,1.28286,1.89182
1495,1.24366,1.9053
1494,1.20875,1.91766
1493,1.17328,1.9306
1492,1.14003,1.94308
1491,1.10754,1.95564
1490,1.07578,1.96828
1489,1.0486,1.97939
1488,1.02037,1.99124
1487,0.99295,2.00307
1486,0.96806,2.0141
1485,0.94405,2.025
1484,0.92003,2.0362
1483,0.89686,2.04727
1482,0.87395,2.05851
1481,0.85055,2.0703
1480,0.8326,2.07956
1479,0.81102,2.09097
1478,0.79379,2.1003
1477,0.77542,2.11046
1476,0.75762,2.12055
1475,0.74063,2.1304
1474,0.72396,2.14029
1473,0.70969,2.14893
1472,0.69576,2.15754
1471,0.68007,2.16745
1470,0.6644,2.17757
1469,0.65183,2.18586
1468,0.64073,2.19332
1467,0.62927,2.20116
1466,0.61484,2.21123
1465,0.60306,2.21964
1464,0.59505,2.22544
1463,0.58209,2.23501
1462,0.57172,2.24282
1461,0.56171,2.25048
1460,0.55153,2.25843
1459,0.54207,2.26594
1458,0.53114,2.27479
1457,0.52589,2.27911
1456,0.51742,2.28616
1455,0.50978,2.29261
1454,0.50064,2.30047
1453,0.49551,2.30494
1452,0.48606,2.31331
1451,0.47954,2.31918
1450,0.47113,2.32686
1449,0.46524,2.33232
1448,0.45858,2.33859
1447,0.45581,2.34122
1446,0.45003,2.34675
1445,0.44152,2.35505
1444,0.43644,2.36008
1443,0.434,2.36251
1442,0.42585,2.37075
1441,0.42356,2.37308
1440,0.42224,2.37444
1439,0.41488,2.38208
1438,0.41068,2.3865
1437,0.40555,2.39196
1436,0.4001,2.39783
1435,0.39961,2.39837
1434,0.39483,2.40359
1433,0.39134,2.40744
1432,0.3897,2.40927
1431,0.3878,2.41139
1430,0.3808,2.41931
1429,0.38202,2.41791
1428,0.38117,2.41889
1427,0.37699,2.42367
1426,0.37818,2.4223
1425,0.37762,2.42294
1424,0.37659,2.42413
1423,0.37761,2.42296
1422,0.37533,2.42559
1421,0.37628,2.42449
1420,0.3746,2.42643
1419,0.37605,2.42476
1418,0.37735,2.42325
1417,0.37238,2.42902
1416,0.37487,2.42613
1415,0.37786,2.42267
1414,0.37525,2.42568
1413,0.37643,2.42431
1412,0.37574,2.42511
1411,0.37568,2.42518
1410,0.37693,2.42374
1409,0.3801,2.4201
1408,0.37802,2.42248
1407,0.37993,2.4203
1406,0.38294,2.41687
1405,0.38373,2.41598
1404,0.38492,2.41462
1403,0.38727,2.41198
1402,0.38802,2.41115
1401,0.3907,2.40815
1400,0.39037,2.40852
1399,0.39215,2.40655
1398,0.3947,2.40373
1397,0.3981,2.40001
1396,0.40086,2.39701
1395,0.40164,2.39616
1394,0.40529,2.39223
1393,0.40663,2.3908
1392,0.41262,2.38445
1391,0.415,2.38195
1390,0.41597,2.38093
1389,0.41929,2.37749
1388,0.42648,2.3701
1387,0.43039,2.36614
1386,0.43305,2.36346
1385,0.43792,2.3586
1384,0.44315,2.35345
1383,0.44782,2.3489
1382,0.45186,2.345
1381,0.45806,2.33908
1380,0.46154,2.33579
1379,0.46799,2.32976
1378,0.47772,2.32083
1377,0.48218,2.31679
1376,0.48907,2.31063
1375,0.49576,2.30473
1374,0.50375,2.29778
1373,0.5085,2.29371
1372,0.51977,2.28419
1371,0.52699,2.2782
1370,0.5351,2.27156
1369,0.54338,2.2649
1368,0.55567,2.25518
1367,0.56317,2.24936
1366,0.57092,2.24342
1365,0.58287,2.23443
1364,0.59242,2.22737
1363,0.60193,2.22045
1362,0.61711,2.20963
1361,0.62437,2.20456
1360,0.63718,2.19574
1359,0.64888,2.18783
1358,0.66234,2.17892
1357,0.67316,2.17188
1356,0.68672,2.16322
1355,0.70183,2.15377
1354,0.71497,2.14571
1353,0.72959,2.13692
1352,0.74664,2.12689
1351,0.75825,2.12019
1350,0.77348,2.11155
1349,0.78913,2.10285
1348,0.80178,2.09594
1347,0.82125,2.08553
1346,0.83764,2.07694
1345,0.85168,2.06972
1344,0.86408,2.06345
1343,0.88157,2.05474
1342,0.89714,2.04714
1341,0.91227,2.03988
1340,0.92827,2.03233
1339,0.94358,2.02522
1338,0.95501,2.01999
1337,0.97204,2.01231
1336,0.98469,2.0067
1335,0.99853,2.00064
1334,1.01029,1.99556
1333,1.0247,1.9894
1332,1.03257,1.98608
1331,1.04562,1.98062
1330,1.05584,1.9764
1329,1.06457,1.97282
1328,1.07302,1.96939
1327,1.08053,1.96636
1326,1.08683,1.96384
1325,1.09153,1.96197
1324,1.09662,1.95995
1323,1.10168,1.95794
1322,1.10187,1.95787
1321,1.10508,1.95661
1320,1.10691,1.95589
1319,1.10537,1.95649
1318,1.10501,1.95663
1317,1.10001,1.9586
1316,1.10106,1.95819
1315,1.09571,1.96031
1314,1.0923,1.96166
1313,1.08378,1.96506
1312,1.07844,1.9672
1311,1.07106,1.97019
1310,1.06313,1.97341
1309,1.05446,1.97697
1308,1.04901,1.97922
1307,1.03938,1.98323
1306,1.02832,1.98787
1305,1.01466,1.99368
1304,1.00731,1.99684
1303,0.99592,2.00178
1302,0.9847,2.00669
1301,0.97591,2.01059
1300,0.96317,2.0163
1299,0.95255,2.02111
1298,0.94114,2.02635
1297,0.92901,2.03198
1296,0.91718,2.03755
1295,0.90174,2.04492
1294,0.89287,2.04921
1293,0.88018,2.05543
1292,0.86756,2.0617
1291,0.85354,2.06878
1290,0.84303,2.07416
1289,0.82887,2.08151
1288,0.81896,2.08674
1287,0.80658,2.09335
1286,0.79179,2.10139
1285,0.77877,2.10859
1284,0.76733,2.11502
1283,0.75485,2.12214
1282,0.74041,2.13052
1281,0.72558,2.13931
1280,0.71357,2.14656
1279,0.69924,2.15537
1278,0.68772,2.16259
1277,0.67346,2.17169
1276,0.6593,2.18092
1275,0.64613,2.18968
1274,0.6308,2.20011
1273,0.61871,2.20851
1272,0.60427,2.21877
1271,0.59294,2.22699
1270,0.57565,2.23984
1269,0.56087,2.25114
1268,0.54593,2.26287
1267,0.53517,2.27151
1266,0.51942,2.28448
1265,0.50592,2.29592
1264,0.49013,2.30969
1263,0.47703,2.32146
1262,0.46336,2.33408
1261,0.45099,2.34583
1260,0.4349,2.36161
1259,0.4222,2.37448
1258,0.40665,2.39078
1257,0.39632,2.40196
1256,0.38046,2.41969
1255,0.36881,2.4332
1254,0.35495,2.44983
1253,0.34709,2.45956
1252,0.33286,2.47774
1251,0.31914,2.49602
1250,0.3104,2.50808
1249,0.29694,2.52734
1248,0.28722,2.54179
1247,0.27724,2.55714
1246,0.27026,2.56822
1245,0.25757,2.5891
1244,0.24842,2.60481
1243,0.24212,2.61597
1242,0.23299,2.63266
1241,0.2213,2.65502
1240,0.21598,2.66558
1239,0.20743,2.68313
1238,0.20061,2.69765
1237,0.1949,2.71019
1236,0.1873,2.72747
1235,0.17988,2.74501
1234,0.17396,2.75956
1233,0.16863,2.77307
1232,0.16413,2.78482
1231,0.15656,2.80532
1230,0.15317,2.81483
1229,0.15049,2.8225
1228,0.14652,2.83409
1227,0.13916,2.85648
1226,0.13681,2.86388
1225,0.13207,2.87918
1224,0.1289,2.88976
1223,0.12374,2.90749
1222,0.12229,2.91262
1221,0.11971,2.92186
1220,0.11643,2.93392
1219,0.11386,2.94362
1218,0.11147,2.95285
1217,0.10677,2.97156
1216,0.10757,2.96831
1215,0.10418,2.98223
1214,0.10139,2.99402
1213,0.09918,3.00357
1212,0.10033,2.99857
1211,0.09622,3.01674
1210,0.09616,3.01701
1209,0.09248,3.03395
1208,0.09238,3.03442
1207,0.09,3.04576
1206,0.0887,3.05209
1205,0.08863,3.05241
1204,0.08773,3.05687
1203,0.08718,3.0596
1202,0.08656,3.06269
1201,0.08419,3.07472
1200,0.08456,3.07285
1199,0.08804,3.05534
1198,0.08771,3.05693
1197,0.08602,3.06539
1196,0.08453,3.07297
1195,0.08443,3.07348
1194,0.08268,3.08258
1193,0.08423,3.07451
1192,0.08511,3.07003
1191,0.0847,3.07214
1190,0.08638,3.06361
1189,0.0842,3.07471
1188,0.08375,3.07701
1187,0.08591,3.06595
1186,0.08807,3.05517
1185,0.08806,3.05521
1184,0.08792,3.05589
1183,0.08931,3.04911
1182,0.09059,3.04293
1181,0.09128,3.03963
1180,0.0945,3.02456
1179,0.09154,3.03839
1178,0.09762,3.01045
1177,0.0956,3.01954
1176,0.09846,3.00674
1175,0.0989,3.00482
1174,0.0992,3.00349
1173,0.1013,2.99439
1172,0.0986,3.00613
1171,0.1007,2.99699
1170,0.1027,2.98844
1169,0.10231,2.99009
1168,0.10325,2.9861
1167,0.10029,2.99874
1166,0.10063,2.99728
1165,0.1001,2.99955
1164,0.09561,3.01951
1163,0.09524,3.0212
1162,0.09409,3.02644
1161,0.09057,3.04303
1160,0.08782,3.05643
1159,0.08524,3.06937
1158,0.08227,3.08476
1157,0.0777,3.10959
1156,0.07331,3.13485
1155,0.06757,3.17028
1154,0.06569,3.18251
1153,0.06521,3.18567
1152,0.05963,3.22452
1151,0.05616,3.25061
1150,0.05349,3.27177
1149,0.04995,3.30145
1148,0.05064,3.29552
1147,0.04568,3.34026
1146,0.04274,3.36918
1145,0.04091,3.38816
1144,0.04175,3.37931
1143,0.03643,3.43856
1142,0.03415,3.46662
1141,0.03513,3.45437
1140,0.03448,3.46244
1139,0.03133,3.5041
1138,0.02938,3.53194
1137,0.02981,3.52557
1136,0.03059,3.51439
1135,0.02896,3.53821
1134,0.02506,3.601
1133,0.02733,3.56334
1132,0.02549,3.59361
1131,0.02572,3.58971
1130,0.02465,3.60816
1129,0.02418,3.61662
1128,0.02133,3.67099
1127,0.02387,3.62218
1126,0.02229,3.65189
1125,0.02072,3.68371
1124,0.02234,3.65084
1123,0.02302,3.63793
1122,0.02219,3.65394
1121,0.01934,3.71361
1120,0.02209,3.65582
1119,0.01995,3.70005
1118,0.02237,3.65025
1117,0.0204,3.69037
1116,0.01967,3.70625
1115,0.01955,3.70875
1114,0.0186,3.73049
1113,0.0199,3.70109
1112,0.02179,3.66171
1111,0.02024,3.69377
1110,0.01892,3.72315
1109,0.01808,3.7429
1108,0.01754,3.75593
1107,0.02107,3.67631
1106,0.01775,3.75077
1105,0.0166,3.77977
1104,0.017,3.76948
1103,0.01866,3.72903
1102,0.01787,3.74784
1101,0.01907,3.71969
1100,0.01977,3.70408
1099,0.02008,3.69723
1098,0.01974,3.70463
1097,0.01927,3.71522
1096,0.0173,3.76203
1095,0.01718,3.76489
1094,0.0202,3.6946
1093,0.01736,3.7605
1092,0.01953,3.70919
1091,0.01837,3.73578
1090,0.01914,3.71795
1089,0.01828,3.73804
1088,0.01866,3.72907
1087,0.0173,3.76185
1086,0.01899,3.72138
1085,0.01871,3.72798
1084,0.01819,3.74022
1083,0.01979,3.70357
1082,0.01855,3.73162
1081,0.01725,3.76329
1080,0.01756,3.75543
1079,0.02039,3.6905
1078,0.01725,3.7633
1077,0.02073,3.68345
1076,0.0196,3.7078
1075,0.0184,3.73524
1074,0.02331,3.63253
1073,0.02062,3.68567
1072,0.01976,3.7043
1071,0.01975,3.70449
1070,0.02189,3.65984
1069,0.02011,3.69659
1068,0.02316,3.6352
1067,0.02106,3.67658
1066,0.02099,3.67794
1065,0.02251,3.64771
1064,0.01935,3.71328
1063,0.01855,3.73154
1062,0.01987,3.70182
1061,0.01938,3.7126
1060,0.02114,3.67482
1059,0.02086,3.68059
1058,0.02009,3.69701
1057,0.01732,3.76153
1056,0.01958,3.70815
1055,0.01714,3.76597
1054,0.0173,3.76202
1053,0.01757,3.75528
1052,0.01691,3.77187
1051,0.0164,3.78516
1050,0.01945,3.71103
1049,0.01733,3.76132
1048,0.01612,3.79269
1047,0.01716,3.76537
1046,0.01672,3.77669
1045,0.01606,3.79414
1044,0.01745,3.75818
1043,0.01606,3.79431
1042,0.01636,3.78624
1041,0.01589,3.79892
1040,0.01561,3.80657
1039,0.01647,3.78318
1038,0.01387,3.85796
1037,0.01769,3.75216
1036,0.01696,3.7707
1035,0.01329,3.87643
1034,0.01436,3.84293
1033,0.01519,3.81849
1032,0.01521,3.81777
1031,0.01552,3.80924
1030,0.01539,3.81281
1029,0.01573,3.80332
1028,0.01684,3.77364
1027,0.01378,3.8606
1026,0.01472,3.832
1025,0.0182,3.73997
1024,0.01504,3.82271
1023,0.01932,3.71391
1022,0.01399,3.8543
1021,0.01511,3.82069
1020,0.01837,3.73593
1019,0.01818,3.74036
1018,0.01572,3.80347
1017,0.01571,3.80384
1016,0.0134,3.8728
1015,0.01582,3.80072
1014,0.01461,3.83537
1013,0.01623,3.78958
1012,0.01451,3.83821
1011,0.01578,3.80196
1010,0.01635,3.78642
1009,0.01594,3.79747
1008,0.01698,3.77018
1007,0.01738,3.75988
1006,0.01675,3.7759
1005,0.01589,3.79885
1004,0.01839,3.73546
1003,0.01604,3.79474
1002,0.01652,3.78192
1001,0.01511,3.82072
1000,0.01588,3.79918
999,0.01535,3.81375
998,0.01384,3.85889
997,0.01545,3.81096
996,0.01706,3.76804
995,0.01692,3.77148
994,0.01461,3.83544
993,0.01529,3.81573
992,0.02007,3.69737
991,0.0168,3.77459
990,0.01452,3.83793
989,0.01716,3.7655
988,0.01635,3.78645
987,0.01646,3.78359
986,0.01348,3.87025
985,0.0173,3.76204
984,0.01636,3.78612
983,0.01449,3.83905
982,0.01462,3.83503
981,0.01593,3.79779
980,0.01369,3.86366
979,0.01545,3.8111
978,0.01454,3.83757
977,0.01675,3.77591
976,0.01394,3.85579
975,0.01527,3.81619
974,0.01496,3.82502
973,0.01504,3.82264
972,0.01657,3.78058
971,0.0164,3.7852
970,0.01514,3.81976
969,0.01544,3.81135
968,0.01468,3.83333
967,0.01697,3.77032
966,0.0123,3.90998
965,0.01759,3.75463
964,0.01455,3.83699
963,0.01571,3.80385
962,0.016,3.79596
961,0.01399,3.85429
960,0.01547,3.81058
959,0.01414,3.84964
958,0.0147,3.83256
957,0.0144,3.8416
956,0.01424,3.84663
955,0.0133,3.87618
954,0.01512,3.82039
953,0.01711,3.76685
952,0.01549,3.8099
951,0.01561,3.8066
950,0.01545,3.8111
949,0.01419,3.84807
948,0.01671,3.77707
947,0.01696,3.77056
946,0.01706,3.76803
945,0.01331,3.87579
944,0.01767,3.75282
943,0.01231,3.90991
942,0.01499,3.82422
941,0.0155,3.80969
940,0.01571,3.80387
939,0.01658,3.78035
938,0.01622,3.79004
937,0.01514,3.81988
936,0.01565,3.80558
935,0.01599,3.79622
934,0.01691,3.77175
933,0.01518,3.81885
932,0.01323,3.87839
931,0.01442,3.8409
930,0.0148,3.82972
929,0.0146,3.83556
928,0.01397,3.85494
927,0.01402,3.85334
926,0.01186,3.92608
925,0.01657,3.7807
924,0.01266,3.89762
923,0.01584,3.80015
922,0.01324,3.87818
921,0.01517,3.81887
920,0.01646,3.78365
919,0.0161,3.79312
918,0.01511,3.82063
917,0.0168,3.77466
916,0.0128,3.89275
915,0.01703,3.76877
914,0.01529,3.81545
913,0.0146,3.8357
912,0.01508,3.82154
911,0.01507,3.82189
910,0.01375,3.86169
909,0.01745,3.75832
908,0.01635,3.78659
907,0.01526,3.81654
906,0.01464,3.83445
905,0.01723,3.76371
904,0.01282,3.89213
903,0.01223,3.91246
902,0.01335,3.87448
901,0.01678,3.7753
900,0.01265,3.89804
899,0.01675,3.77588
898,0.01613,3.79228
897,0.01518,3.81874
896,0.0149,3.82692
895,0.0147,3.83276
894,0.01611,3.79301
893,0.01413,3.8499
892,0.01454,3.83729
891,0.01647,3.78339
890,0.01487,3.82773
889,0.01506,3.82209
888,0.01538,3.81314
887,0.01442,3.84111
886,0.01658,3.78045
885,0.01752,3.7564
884,0.0155,3.80962
883,0.01594,3.79753
882,0.01509,3.82126
881,0.01419,3.84802
880,0.01613,3.79223
879,0.01662,3.77941
878,0.01585,3.79999
877,0.01643,3.78428
876,0.016,3.79582
875,0.01755,3.75574
874,0.0141,3.85072
873,0.01575,3.80275
872,0.01633,3.78694
871,0.01481,3.82946
870,0.01382,3.85953
869,0.0165,3.78255
868,0.01624,3.78947
867,0.01674,3.77636
866,0.01829,3.73773
865,0.01625,3.78903
864,0.0179,3.74704
863,0.01751,3.75676
862,0.01492,3.82627
861,0.01418,3.8484
860,0.01412,3.85013
859,0.01466,3.83372
858,0.01518,3.81882
857,0.01416,3.84907
856,0.01671,3.77708
855,0.01583,3.80047
854,0.01377,3.86119
853,0.01705,3.76838
852,0.01407,3.85172
851,0.01522,3.8177
850,0.01392,3.85623
849,0.01536,3.81348
848,0.01805,3.74349
847,0.01665,3.77865
846,0.01282,3.89216
845,0.01511,3.82082
844,0.016,3.7959
843,0.01503,3.82303
842,0.01135,3.94516
841,0.01586,3.79966
840,0.01418,3.84829
839,0.01624,3.78941
838,0.01487,3.82779
837,0.01518,3.81872
836,0.01622,3.78984
835,0.01749,3.75716
834,0.0165,3.78246
833,0.01571,3.80387
832,0.01633,3.78707
831,0.01683,3.77401
830,0.01342,3.8724
829,0.01668,3.77779
828,0.01621,3.79022
827,0.01737,3.76023
826,0.01725,3.76316
825,0.01805,3.74345
824,0.01416,3.84879
823,0.01374,3.86204
822,0.01703,3.76868
821,0.01553,3.80876
820,0.01662,3.77938
819,0.01389,3.85745
818,0.01483,3.82898
817,0.01605,3.79452
816,0.01599,3.79618
815,0.01551,3.80933
814,0.0165,3.78256
813,0.01827,3.7382
812,0.01615,3.79184
811,0.01575,3.80269
810,0.0149,3.82677
809,0.01471,3.83238
808,0.0154,3.81245
807,0.01197,3.92198
806,0.0138,3.86013
805,0.01598,3.79637
804,0.01451,3.83839
803,0.01532,3.81467
802,0.01574,3.80288
801,0.01648,3.78304
800,0.01709,3.76716
799,0.00114,4.94219
798,0.00147,4.8338
797,0.00132,4.8796
796,0.00113,4.94853
795,0.00111,4.95409
794,0.00156,4.80825
793,9.29E-04,5.03207
792,0.0011,4.95701
791,0.001,4.9998
790,0.00124,4.90778
789,9.79E-04,5.0094
788,0.00105,4.97975
787,0.00107,4.97096
786,9.42E-04,5.02588
785,0.00122,4.91393
784,0.00113,4.94623
783,9.96E-04,5.00175
782,8.56E-04,5.06752
781,0.00114,4.94179
780,0.0014,4.85289
779,9.66E-04,5.01507
778,9.28E-04,5.03263
777,0.00102,4.99212
776,0.00124,4.90675
775,9.64E-04,5.01591
774,8.43E-04,5.07412
773,8.68E-04,5.06172
772,6.39E-04,5.19445
771,7.35E-04,5.13392
770,6.94E-04,5.15847
769,4.06E-04,5.39157
768,5.53E-04,5.25759
767,3.91E-04,5.40803
766,5.11E-04,5.29176
765,2.88E-04,5.54028
764,2.30E-04,5.6374
763,3.10E-04,5.50901
762,3.25E-04,5.48805
761,7.20E-05,6.14261
760,7.07E-05,6.15063
759,4.05E-05,6.39206
758,5.88E-05,6.23037
757,6.09E-05,6.21538
756,1.62E-04,5.78992
755,6.44E-05,6.19085
754,2.76E-04,5.55964
753,1.48E-04,5.83119
752,4.14E-05,6.38313
751,1.55E-04,5.80897
750,1.24E-04,5.9059
749,2.88E-05,6.54004
748,1.35E-05,6.8703
747,1.37E-04,5.8642
746,2.01E-04,5.69624
745,2.02E-04,5.69392
744,1.67E-04,5.77831
743,1.86E-04,5.73065
742,8.29E-06,7.08151
741,1.29E-04,5.88798
740,2.19E-04,5.66003
739,1.13E-04,5.94576
738,3.35E-05,6.47479
737,2.42E-04,5.61707
736,1.30E-04,5.88532
735,1.05E-04,5.97978
734,1.94E-04,5.71285
733,9.01E-05,6.04527
732,2.10E-04,5.67877
731,8.96E-05,6.04779
730,1.80E-04,5.74576
729,7.11E-05,6.14834
728,5.35E-05,6.27142
727,2.25E-05,6.64698
726,4.04E-05,6.39318
725,1.41E-04,5.85032
724,6.80E-05,6.16763
723,4.07E-05,6.39033
722,7.39E-05,6.13124
721,1.93E-04,5.71495
720,1.77E-04,5.75126
719,1.39E-04,5.85766
718,1.34E-04,5.87292
717,1.69E-05,6.77137
716,2.81E-04,5.5511
715,1.69E-05,6.77241
714,4.16E-04,5.38053
713,1.34E-04,5.87317
712,1.65E-04,5.78279
711,2.19E-05,6.65869
710,7.78E-06,7.10926
709,5.61E-05,6.25124
708,8.53E-05,6.06914
707,1.26E-05,6.90063
706,1.85E-04,5.73208
705,2.27E-04,5.64397
704,8.54E-06,7.06877
703,1.26E-04,5.89972
702,1.11E-04,5.95444
701,1.56E-04,5.80664
700,9.56E-05,6.01971
699,2.92E-05,6.53513
698,4.89E-05,6.31057
697,2.24E-04,5.64903
696,4.35E-05,6.36174
695,5.60E-05,6.25155
694,9.14E-05,6.03915
693,1.52E-04,5.81954
692,1.46E-04,5.8347
691,6.99E-05,6.15556
690,4.54E-05,6.34305
689,1.24E-04,5.90745
688,2.17E-04,5.66383
687,6.32E-05,6.19926
686,1.21E-04,5.91763
685,1.91E-05,6.71948
684,1.52E-04,5.81699
683,1.33E-04,5.87499
682,1.57E-04,5.80325
681,1.88E-05,6.72642
680,2.18E-04,5.66096
679,5.63E-05,6.24928
678,1.24E-04,5.90629
677,1.47E-04,5.83242
676,1.04E-04,5.98348
675,2.38E-05,6.62307
674,1.59E-04,5.7993
673,6.11E-05,6.21375
672,6.77E-06,7.16919
671,1.11E-04,5.9535
670,5.18E-05,6.28544
669,5.48E-05,6.26103
668,2.88E-04,5.53989
667,5.63E-06,7.24942
666,9.28E-05,6.03224
665,1.20E-04,5.92008
664,9.84E-05,6.00698
663,1.22E-04,5.91482
662,2.65E-04,5.57738
661,2.57E-05,6.58991
660,7.08E-05,6.1497
659,9.32E-05,6.03043
658,1.12E-04,5.95087
657,7.78E-05,6.10905
656,3.36E-05,6.47326
655,1.21E-04,5.91829
654,6.16E-05,6.21066
653,2.85E-04,5.54445
652,7.41E-05,6.13035
651,7.42E-05,6.12943
650,2.47E-04,5.60741
649,2.87E-04,5.5424
648,6.76E-05,6.16984
647,1.27E-04,5.89776
646,6.79E-06,7.16801
645,2.27E-04,5.64383
644,1.55E-04,5.81082
643,1.04E-04,5.98332
642,1.79E-04,5.74699
641,2.96E-04,5.5283
640,1.46E-04,5.83497
639,2.46E-04,5.6098
638,3.14E-05,6.50291
637,2.70E-04,5.56928
636,1.64E-04,5.78461
635,2.52E-04,5.59926
634,1.72E-06,7.7647
633,1.34E-04,5.87196
632,8.16E-05,6.08822
631,1.53E-04,5.81486
630,6.58E-05,6.18148
629,1.43E-04,5.84416
628,1.84E-04,5.73447
627,6.89E-05,6.16183
626,1.93E-04,5.71393
625,2.06E-04,5.68562
624,1.32E-05,6.87851
623,1.17E-04,5.93281
622,1.64E-04,5.78595
621,1.58E-04,5.80244
620,1.50E-04,5.82304
619,1.88E-05,6.72477
618,1.90E-04,5.72074
617,2.46E-05,6.60982
616,9.98E-05,6.00105
615,4.19E-05,6.37773
614,3.56E-05,6.44853
613,2.63E-04,5.57994
612,3.49E-05,6.45695
611,2.60E-04,5.58436
610,5.27E-08,9.27803
609,1.59E-05,6.79803
608,2.89E-05,6.53936
607,3.37E-05,6.47253
606,1.20E-04,5.9207
605,2.05E-04,5.68846
604,3.29E-05,6.48316
603,1.19E-04,5.92615
602,1.04E-04,5.98161
601,9.20E-05,6.03623
600,2.53E-04,5.59729
599,2.02E-05,6.69364
598,2.86E-04,5.54393
597,2.03E-04,5.69145
596,1.42E-04,5.84714
595,4.43E-04,5.35353
594,4.06E-04,5.39177
593,2.05E-04,5.68847
592,2.90E-04,5.5377
591,5.90E-05,6.22917
590,4.49E-05,6.348
589,1.82E-04,5.7408
588,1.31E-04,5.88351
587,2.07E-04,5.68359
586,5.73E-05,6.24193
585,3.59E-04,5.44486
584,2.82E-04,5.54919
583,4.84E-04,5.31481
582,4.62E-04,5.33508
581,7.90E-04,5.10265
580,8.22E-04,5.08539
579,8.38E-04,5.07675
578,0.00109,4.96283
577,9.74E-04,5.01131
576,9.38E-04,5.02799
575,0.00109,4.96304
574,0.00104,4.98202
573,0.00108,4.96464
572,0.00119,4.92563
571,0.00115,4.9411
570,0.00137,4.86214
569,0.00157,4.80502
568,0.00178,4.75039
567,0.00161,4.7943
566,0.00166,4.77897
565,0.00189,4.72442
564,0.00207,4.68326
563,0.00227,4.64371
562,0.00246,4.60975
561,0.00259,4.58742
560,0.0028,4.55214
559,0.00325,4.48748
558,0.00337,4.47202
557,0.00406,4.39174
556,0.00465,4.33247
555,0.00539,4.26856
554,0.00607,4.21702
553,0.00694,4.15858
552,0.00835,4.07837
551,0.00969,4.01364
550,0.01166,3.93331
549,0.01434,3.84354
548,0.0177,3.75201
547,0.02257,3.64638
546,0.029,3.53756
545,0.03824,3.41745
544,0.05155,3.28777
543,0.07252,3.13952
542,0.10585,2.97531
541,0.16208,2.79026
540,0.26493,2.57687
539,0.46762,2.3301
538,0.93238,2.03041
537,2.17896,1.66175
536,6.19512,1.20795
535,18.35712,0.7362
534,40.41003,0.39351
533,60.30388,0.21965
532,61.2067,0.2132
531,42.61432,0.37044
530,19.94127,0.70025
529,6.67677,1.17543
528,2.1821,1.66113
527,0.86474,2.06312
526,0.40737,2.39001
525,0.21581,2.66594
524,0.1251,2.90275
523,0.07766,3.10982
522,0.05061,3.2958
521,0.03459,3.46111
520,0.02432,3.61399
519,0.01761,3.75426
518,0.01321,3.87924
517,0.01005,3.99804
516,0.00797,4.09827
515,0.00618,4.20872
514,0.00513,4.28997
513,0.00409,4.38791
512,0.00322,4.49152
511,0.00278,4.55598
510,0.00239,4.62235
509,0.00179,4.74687
508,0.00171,4.76651
507,0.0014,4.8535
506,0.00116,4.93383
505,0.00117,4.93212
504,9.53E-04,5.02105
503,9.16E-04,5.0382
502,8.25E-04,5.08348
501,6.28E-04,5.20233
500,7.67E-04,5.11523
499,6.50E-04,5.18721
498,5.37E-04,5.27009
497,3.23E-04,5.49126
496,3.17E-04,5.49955
495,4.47E-04,5.34984
494,5.02E-04,5.29927
493,2.63E-04,5.58047
492,3.38E-04,5.47138
491,2.47E-04,5.60788
490,1.53E-04,5.81398
489,1.74E-04,5.75952
488,6.21E-05,6.20714
487,1.55E-04,5.80894
486,1.77E-05,6.75253
485,2.96E-05,6.52813
484,7.85E-05,6.10535
483,1.99E-04,5.70048
482,1.94E-04,5.71209
481,1.35E-04,5.86899
480,2.83E-05,6.54837
479,3.75E-05,6.42607
478,1.04E-04,5.98335
477,1.81E-05,6.74302
476,3.91E-05,6.40748
475,9.83E-05,6.00734
474,5.51E-05,6.25917
473,9.11E-05,6.04066
472,1.32E-04,5.88085
471,1.48E-04,5.8311
470,3.73E-05,6.42868
469,8.35E-05,6.07852
468,4.46E-05,6.35111
467,1.97E-04,5.70581
466,1.60E-04,5.79703
465,9.56E-05,6.01971
464,7.49E-05,6.12551
463,1.43E-04,5.84533
462,1.17E-04,5.9304
461,3.84E-05,6.41521
460,2.35E-05,6.62956
459,5.99E-05,6.22292
458,2.24E-05,6.64985
457,5.93E-05,6.22705
456,1.35E-04,5.8712
455,1.91E-05,6.71814
454,7.05E-05,6.15179
453,4.47E-05,6.35012
452,1.01E-04,5.99417
451,5.41E-06,7.26691
450,1.51E-04,5.81992
449,1.03E-04,5.98567
448,1.17E-05,6.93003
447,9.48E-05,6.02329
446,2.82E-05,6.55003
445,9.68E-05,6.01423
444,1.09E-04,5.96385
443,1.26E-04,5.8998
442,1.71E-04,5.76605
441,5.75E-05,6.2401
440,2.48E-04,5.6048
439,3.08E-04,5.51124
438,5.86E-05,6.23239
437,2.03E-04,5.69325
436,1.57E-04,5.804
435,8.01E-05,6.09615
434,7.13E-05,6.1467
433,9.96E-05,6.00171
432,6.10E-05,6.21472
431,1.61E-04,5.79364
430,1.23E-05,6.91175
429,1.31E-04,5.88251
428,9.20E-05,6.03631
427,1.27E-04,5.89611
426,2.12E-04,5.67346
425,2.43E-04,5.61479
424,1.29E-04,5.89099
423,2.06E-04,5.6855
422,2.53E-04,5.59752
421,6.57E-05,6.18273
420,2.28E-04,5.6415
419,4.82E-04,5.31689
418,5.31E-04,5.27506
417,7.23E-04,5.14097
416,3.40E-04,5.469
415,9.36E-05,6.02877
414,4.22E-05,6.37514
413,5.68E-05,6.2455
412,4.27E-04,5.36954
411,9.64E-04,5.01587
410,0.00151,4.82101
409,0.00271,4.56771
408,0.0042,4.37632
407,0.00596,4.22445
406,0.00769,4.1141
405,0.00845,4.07338
404,0.00803,4.09555
403,0.00699,4.1555
402,0.00538,4.26959
401,0.00422,4.37451
400,0.00323,4.49107
399,0.00299,4.5237
398,0.00292,4.53419
397,0.00294,4.53198
396,0.00213,4.67163
395,0.00178,4.74891
394,0.00118,4.92777
393,8.76E-04,5.05769
392,4.35E-04,5.36157
391,8.37E-04,5.07721
390,8.48E-04,5.07175
389,6.97E-04,5.15651
388,2.46E-04,5.6092
387,1.34E-04,5.87429
386,1.64E-04,5.78526
385,5.09E-05,6.29295
384,8.29E-06,7.08157
383,1.67E-04,5.77676
382,1.08E-04,5.96783
381,2.45E-05,6.61079
380,5.43E-05,6.26501
379,9.10E-05,6.04082
378,2.72E-04,5.56488
377,7.45E-05,6.12808
376,9.67E-05,6.01444
375,6.04E-05,6.21929
374,1.24E-04,5.90664
373,1.91E-04,5.71984
372,1.06E-05,6.97414
371,1.56E-04,5.80593
370,1.58E-04,5.80185
369,1.20E-04,5.91992
368,4.29E-04,5.36803
367,3.51E-05,6.4553
366,5.33E-05,6.27333
365,3.66E-04,5.43598
364,4.40E-05,6.35644
363,5.76E-05,6.23971
362,2.08E-04,5.68101
361,1.45E-04,5.83729
360,8.57E-05,6.06679
359,2.73E-04,5.56455
358,1.49E-04,5.82777
357,1.96E-04,5.70702
356,1.09E-04,5.96074
355,4.60E-05,6.33679
354,1.83E-04,5.73648
353,1.34E-04,5.87364
352,1.27E-04,5.8953
351,4.71E-05,6.32704
350,2.18E-05,6.66059
349,9.71E-04,5.01285
348,8.15E-05,6.08877
347,1.32E-04,5.87999
346,2.30E-04,5.63838
345,5.74E-05,6.24098
344,2.75E-05,6.56092
343,3.83E-05,6.41721
342,2.07E-05,6.685
341,5.57E-05,6.25381
340,9.90E-05,6.00451
339,8.01E-05,6.09626
338,1.19E-04,5.9243
337,8.14E-07,8.08944
336,9.01E-05,6.04522
335,2.09E-04,5.68008
334,5.27E-06,7.27853
333,4.05E-05,6.3923
332,3.01E-04,5.52161
331,1.68E-04,5.77442
330,1.08E-04,5.96469
329,7.99E-05,6.0976
328,3.16E-04,5.49981
327,1.88E-05,6.72535
326,4.88E-05,6.31189
325,1.83E-04,5.73653
324,3.12E-04,5.50602
323,8.75E-06,7.05808
322,1.94E-05,6.71214
321,1.85E-04,5.73389
320,1.80E-04,5.74496
319,1.72E-04,5.76542
318,1.86E-04,5.72941
317,5.61E-05,6.25099
316,8.78E-05,6.05648
315,1.32E-06,7.8801
314,1.97E-04,5.70478
313,1.06E-04,5.97622
312,1.60E-05,6.79677
311,3.04E-04,5.51782
310,3.54E-05,6.45076
309,9.20E-06,7.036
308,2.00E-04,5.69839
307,8.44E-05,6.07353
306,3.11E-05,6.5066
305,9.06E-05,6.04308
304,3.04E-04,5.51684
303,3.90E-05,6.40873
302,1.19E-04,5.926
301,2.57E-04,5.58927
300,4.15E-05,6.38222
299,2.54E-04,5.59474
298,7.89E-05,6.10279
297,3.00E-06,7.52305
296,2.14E-04,5.67037
295,9.32E-05,6.03076
294,2.70E-04,5.56928
293,5.00E-05,6.30121
292,8.82E-05,6.05466
291,6.67E-05,6.17604
290,7.11E-05,6.14842
289,3.23E-04,5.49112
288,2.74E-05,6.56216
287,3.38E-05,6.47073
286,1.70E-04,5.76908
285,1.01E-04,5.99639
284,1.10E-04,5.96043
283,4.41E-05,6.35548
282,1.05E-04,5.98062
281,9.06E-05,6.04293
280,6.13E-05,6.21241
279,5.77E-05,6.23913
278,3.62E-05,6.44094
277,1.75E-04,5.75676
276,3.36E-05,6.4734
275,1.12E-04,5.95009
274,2.78E-04,5.55634
273,2.33E-05,6.63313
272,3.19E-05,6.49557
271,3.63E-05,6.43983
270,2.09E-04,5.68065
269,1.99E-05,6.70082
268,2.02E-04,5.69459
267,3.24E-05,6.48954
266,1.71E-05,6.76614
265,2.40E-04,5.61911
264,2.51E-05,6.59957
263,4.28E-05,6.36854
262,5.96E-05,6.22503
261,8.78E-05,6.05671
260,5.97E-05,6.2242
259,1.19E-04,5.92423
258,1.53E-04,5.81481
257,8.85E-05,6.05316
256,1.97E-04,5.70605
255,8.67E-05,6.06189
254,4.88E-05,6.31116
253,1.03E-05,6.9853
252,1.34E-04,5.87393
251,6.22E-05,6.20593
250,1.52E-04,5.81906
249,4.94E-05,6.30599
248,1.05E-04,5.9769
247,1.05E-05,6.97894
246,2.48E-04,5.60607
245,8.08E-05,6.09277
244,7.06E-06,7.15119
243,4.33E-05,6.36356
242,4.63E-06,7.33485
241,2.74E-04,5.56255
240,6.11E-07,8.21362
239,8.57E-05,6.06679
238,7.27E-05,6.13821
237,3.35E-05,6.47464
236,2.86E-05,6.5437
235,1.06E-04,5.97511
234,1.24E-04,5.90512
233,5.75E-05,6.24032
232,1.87E-04,5.72901
231,1.69E-04,5.77291
230,1.93E-04,5.71507
229,1.05E-04,5.97703
228,4.32E-05,6.36444
227,2.50E-06,7.60188
226,1.46E-04,5.83645
225,3.94E-05,6.40415
224,8.67E-05,6.06202
223,2.60E-04,5.58504
222,1.40E-04,5.85372
221,1.97E-04,5.70592
220,5.83E-05,6.23398
219,2.25E-06,7.64791
218,3.36E-04,5.47375
217,1.62E-04,5.7901
216,1.61E-04,5.79323
215,1.46E-04,5.83711
214,2.72E-04,5.56576
213,2.14E-04,5.6704
212,2.31E-04,5.63726
211,1.24E-04,5.90495
210,4.68E-04,5.32972
209,7.22E-05,6.1413
208,3.32E-04,5.47914
207,2.95E-04,5.52966
206,1.57E-04,5.8054
205,4.31E-04,5.36595
204,1.30E-04,5.88592
203,2.35E-04,5.62856
202,2.94E-04,5.53117
201,3.23E-04,5.49057
200,5.04E-04,5.2976
